Day,Control - conversion rate,Variant - conversion rate
6/27/22,0.030674847,0.038961039
6/28/22,0.023715415,0.042194093
6/29/22,0.017467249,0.011857708
6/30/22,0.037190083,0.038277512
7/1/22,0.07079646,0.069230769
7/2/22,0.029661017,0.027237354
7/3/22,0.011111111,0.03125
7/4/22,0.019417476,0.048648649
7/5/22,0.024539877,0.033112583
7/6/22,0.042402827,0.011320755
7/7/22,0.024734982,0.012396694
7/8/22,0.020080321,0.04887218
7/9/22,0.026086957,0.027522936